Number,GivenName,Surname,Email,Gender
1,Britt,Pittem,bpittem0@imageshack.us,Female
2,Zoe,Cours,zcours1@adobe.com,Female
3,Wyatan,Torfin,wtorfin2@paypal.com,Male
4,Tadio,Tubridy,ttubridy3@hugedomains.com,Male
5,Matt,Kenworth,mkenworth4@cafepress.com,Male
6,Corny,Wallentin,cwallentin5@buzzfeed.com,Polygender
7,Haleigh,Marzellano,hmarzellano6@behance.net,Female
8,Joelly,Worrall,jworrall7@nih.gov,Female
9,Chaim,Tamburi,ctamburi8@craigslist.org,Genderfluid
10,Geraldine,McCanny,gmccanny9@comcast.net,Agender
11,Natalina,Fraschetti,nfraschettia@ifeng.com,Female
12,Bronson,Phoenix,bphoenixb@google.de,Male
13,Rickert,Eyam,reyamc@issuu.com,Male
14,Nikki,Wasiel,nwasield@virginia.edu,Male
15,Tamarra,Michie,tmichiee@businessinsider.com,Female
16,Ursa,Terbrug,uterbrugf@businessweek.com,Female
17,Mic,Sygroves,msygrovesg@usnews.com,Male
18,Lemmy,Heinert,lheinerth@earthlink.net,Male
19,Anetta,Strelitz,astrelitzi@disqus.com,Female
20,Maurise,Camelin,mcamelinj@utexas.edu,Male
21,Vale,Antuoni,vantuonik@goo.ne.jp,Male
22,Buddy,Hickeringill,bhickeringilll@java.com,Non-binary
23,Roderic,Hainning,rhainningm@loc.gov,Male
24,Zelma,Meadway,zmeadwayn@va.gov,Female
25,Trudy,Di Franceshci,tdifranceshcio@jimdo.com,Female
26,Humberto,Comelini,hcomelinip@wiley.com,Male
27,Tani,Klehyn,tklehynq@soup.io,Female
28,Lennie,Noakes,lnoakesr@newsvine.com,Male
29,Abdel,Ramsdale,aramsdales@goodreads.com,Male
30,Kizzee,Eingerfield,keingerfieldt@ox.ac.uk,Female
31,Arlina,Penylton,apenyltonu@chronoengine.com,Female
32,Kerby,Brecknell,kbrecknellv@myspace.com,Genderfluid
33,Birgitta,Ludlamme,bludlammew@merriam-webster.com,Female
34,Bart,Cartmer,bcartmerx@ehow.com,Male
35,Donielle,Ivens,divensy@gov.uk,Female
36,Riccardo,Crooks,rcrooksz@fotki.com,Male
37,Vince,Lacoste,vlacoste10@cnet.com,Male
38,Preston,Grimwad,pgrimwad11@rediff.com,Bigender
39,Cameron,Lushey,clushey12@salon.com,Bigender
40,Maighdiln,Laying,mlaying13@pcworld.com,Female
41,Blake,Dipple,bdipple14@msn.com,Male
42,Dierdre,Ratlee,dratlee15@elpais.com,Female
43,Chev,Pavitt,cpavitt16@intel.com,Male
44,Grannie,Robelin,grobelin17@jigsy.com,Male
45,Gilda,Blamire,gblamire18@friendfeed.com,Agender
46,Barth,Bleyman,bbleyman19@go.com,Male
47,Darrin,Obern,dobern1a@geocities.jp,Male
48,Lucine,Inwood,linwood1b@wunderground.com,Female
49,Iseabal,Tuffey,ituffey1c@lycos.com,Female
50,Jeno,Benardeau,jbenardeau1d@npr.org,Male
51,Tillie,Scolts,tscolts1e@examiner.com,Female
52,Jule,Iacovielli,jiacovielli1f@tmall.com,Male
53,Roosevelt,Mecchi,rmecchi1g@skype.com,Male
54,Cassi,Slinger,cslinger1h@live.com,Female
55,Jerome,Loosmore,jloosmore1i@archive.org,Male
56,Nissa,Pohls,npohls1j@chron.com,Female
57,Joelynn,Tapply,jtapply1k@wix.com,Female
58,Hailey,Boycott,hboycott1l@opensource.org,Male
59,Candra,Handling,chandling1m@huffingtonpost.com,Female
60,Smith,Cotillard,scotillard1n@gov.uk,Male
61,Jacklin,Chalcroft,jchalcroft1o@yelp.com,Genderqueer
62,Annamarie,Olivera,aolivera1p@bluehost.com,Female
63,Tymothy,Lasty,tlasty1q@go.com,Male
64,Mable,Dettmar,mdettmar1r@narod.ru,Female
65,Keelia,Hartfleet,khartfleet1s@blinklist.com,Genderfluid
66,Laughton,Loidl,lloidl1t@ucsd.edu,Male
67,Bone,Cottage,bcottage1u@imgur.com,Male
68,Faunie,Donn,fdonn1v@mac.com,Female
69,Hebert,Swains,hswains1w@tiny.cc,Male
70,Halsy,Glencorse,hglencorse1x@cyberchimps.com,Male
71,Riordan,Ruppertz,rruppertz1y@google.cn,Male
72,Evangeline,Ganforth,eganforth1z@china.com.cn,Female
73,Jeddy,Scoterbosh,jscoterbosh20@homestead.com,Male
74,Jordana,Kopelman,jkopelman21@unc.edu,Female
75,Herbie,Jost,hjost22@tripadvisor.com,Male
76,Mano,Avramow,mavramow23@nps.gov,Male
77,Orazio,Waddie,owaddie24@usa.gov,Male
78,Kimberlee,Seedull,kseedull25@senate.gov,Female
79,Vic,Bentote,vbentote26@acquirethisname.com,Male
80,Rees,Burner,rburner27@archive.org,Male
81,Lilith,Thomas,lthomas28@php.net,Female
82,Sarine,Matias,smatias29@hp.com,Bigender
83,Bryana,Rousby,brousby2a@wsj.com,Female
84,Normy,Gennings,ngennings2b@patch.com,Male
85,Effie,McArley,emcarley2c@skype.com,Female
86,Gavin,McAvey,gmcavey2d@ifeng.com,Male
87,Koren,Lavallin,klavallin2e@pinterest.com,Female
88,Terri-jo,Vannucci,tvannucci2f@topsy.com,Female
89,Rhoda,Renshell,rrenshell2g@wiley.com,Female
90,Clarisse,Newlands,cnewlands2h@redcross.org,Female
91,Patrizia,Flemyng,pflemyng2i@google.co.jp,Female
92,Maryjo,Battelle,mbattelle2j@xing.com,Female
93,Henrie,Jeskin,hjeskin2k@webmd.com,Female
94,Mort,Ind,mind2l@clickbank.net,Male
95,Ade,O'Mannion,aomannion2m@simplemachines.org,Male
96,Laird,Freemantle,lfreemantle2n@globo.com,Male
97,Geoffrey,Midden,gmidden2o@weebly.com,Male
98,Claiborn,O' Driscoll,codriscoll2p@hao123.com,Male
99,Nadya,Gurge,ngurge2q@miitbeian.gov.cn,Genderfluid
100,Marigold,Soots,msoots2r@flickr.com,Non-binary
101,Rheta,Pounsett,rpounsett2s@usnews.com,Female
102,Obed,Dugood,odugood2t@xinhuanet.com,Male
103,Jefferey,Silman,jsilman2u@ucla.edu,Male
104,Carley,Carnegy,ccarnegy2v@hubpages.com,Female
105,Franchot,Seebright,fseebright2w@simplemachines.org,Agender
106,Blanca,Sambeck,bsambeck2x@rambler.ru,Female
107,Hamish,Hyde-Chambers,hhydechambers2y@ox.ac.uk,Male
108,Carmencita,MacDonogh,cmacdonogh2z@senate.gov,Female
109,Devi,Rault,drault30@deliciousdays.com,Female
110,Vin,Shier,vshier31@army.mil,Male
111,Dore,Wateridge,dwateridge32@jigsy.com,Male
112,Francois,Glendenning,fglendenning33@webeden.co.uk,Male
113,Hortensia,Frean,hfrean34@fastcompany.com,Female
114,Devan,Marris,dmarris35@whitehouse.gov,Female
115,Melisse,Dunham,mdunham36@nba.com,Female
116,Pammie,Collyer,pcollyer37@tuttocitta.it,Agender
117,Maurita,Sutheran,msutheran38@sitemeter.com,Female
118,Giffer,Colborn,gcolborn39@wordpress.org,Male
119,Erik,Hargey,ehargey3a@tripod.com,Male
120,Roosevelt,MacAless,rmacaless3b@latimes.com,Male
121,Felic,Perrett,fperrett3c@usatoday.com,Male
122,Pattie,Fleis,pfleis3d@apple.com,Female
123,Pierrette,Middis,pmiddis3e@nsw.gov.au,Non-binary
124,Yorgo,Sickamore,ysickamore3f@ask.com,Male
125,Zacherie,Kalinovich,zkalinovich3g@comcast.net,Male
126,Ernest,Langshaw,elangshaw3h@vinaora.com,Male
127,Lucinda,Pail,lpail3i@cargocollective.com,Female
128,Gustavo,Cosson,gcosson3j@netvibes.com,Male
129,Mikkel,Presidey,mpresidey3k@cbslocal.com,Male
130,Avigdor,Brimm,abrimm3l@blogger.com,Male
131,Maia,Cromack,mcromack3m@multiply.com,Female
132,Jacquelin,Payley,jpayley3n@merriam-webster.com,Female
133,Bobbette,Riolfi,briolfi3o@histats.com,Female
134,Kingston,Frascone,kfrascone3p@t.co,Male
135,Ruben,Fosbraey,rfosbraey3q@businesswire.com,Male
136,Nikolai,Blanning,nblanning3r@infoseek.co.jp,Male
137,Bruno,Kerrod,bkerrod3s@tiny.cc,Male
138,Boigie,Dunning,bdunning3t@goo.gl,Male
139,Nikolas,Lutton,nlutton3u@flickr.com,Male
140,Hadria,McKeighen,hmckeighen3v@mtv.com,Female
141,Joanie,Gadney,jgadney3w@mtv.com,Female
142,Barr,Ogles,bogles3x@mac.com,Male
143,Amerigo,Trudgion,atrudgion3y@chron.com,Male
144,Charlot,Hosier,chosier3z@bloomberg.com,Female
145,Lyn,Vogel,lvogel40@latimes.com,Male
146,Tony,Grundy,tgrundy41@ask.com,Female
147,Brynne,Kynvin,bkynvin42@cmu.edu,Female
148,Cirstoforo,Kitlee,ckitlee43@umn.edu,Male
149,Stu,Mahody,smahody44@google.ca,Male
150,Bili,Melsom,bmelsom45@desdev.cn,Female
151,Leia,Gayden,lgayden46@rediff.com,Female
152,Cody,Aberkirdo,caberkirdo47@mail.ru,Male
153,Gay,Landal,glandal48@fotki.com,Male
154,Mychal,Vanne,mvanne49@virginia.edu,Male
155,Blythe,Butchard,bbutchard4a@soup.io,Female
156,Ellswerth,Steuhlmeyer,esteuhlmeyer4b@disqus.com,Male
157,Dew,Klemencic,dklemencic4c@wunderground.com,Male
158,Jodie,Grainge,jgrainge4d@1688.com,Male
159,Tracy,Dohr,tdohr4e@mit.edu,Bigender
160,Ferguson,Robers,frobers4f@oakley.com,Male
161,Coletta,Coenraets,ccoenraets4g@addtoany.com,Female
162,Farlay,Yeardsley,fyeardsley4h@toplist.cz,Male
163,Joey,Landeg,jlandeg4i@csmonitor.com,Non-binary
164,Dawn,Keeri,dkeeri4j@networksolutions.com,Female
165,Patten,Mechem,pmechem4k@adobe.com,Non-binary
166,Beck,Stobart,bstobart4l@amazon.co.uk,Male
167,Willa,Cassel,wcassel4m@gizmodo.com,Female
168,Tami,Bernard,tbernard4n@mozilla.com,Female
169,Odey,McAlester,omcalester4o@google.it,Male
170,Tarra,Lestor,tlestor4p@imdb.com,Female
171,Darn,Fylan,dfylan4q@nytimes.com,Male
172,Fara,Clowser,fclowser4r@oracle.com,Female
173,Seymour,Davage,sdavage4s@webnode.com,Male
174,Hedy,Leggitt,hleggitt4t@blinklist.com,Non-binary
175,Parry,Ezzy,pezzy4u@is.gd,Male
176,Carmel,Dudman,cdudman4v@mapy.cz,Female
177,Mel,Hamberston,mhamberston4w@merriam-webster.com,Male
178,Giavani,Goad,ggoad4x@techcrunch.com,Male
179,Austen,Pietasch,apietasch4y@ft.com,Male
180,Goober,Reglar,greglar4z@posterous.com,Male
181,Carlin,Seacombe,cseacombe50@spiegel.de,Male
182,Jeremy,Salzen,jsalzen51@is.gd,Male
183,Micah,Leyrroyd,mleyrroyd52@harvard.edu,Male
184,Arel,Barnsley,abarnsley53@cargocollective.com,Male
185,Ketti,Boldero,kboldero54@rambler.ru,Female
186,Jordanna,Redan,jredan55@businessweek.com,Female
187,Nora,Badgers,nbadgers56@narod.ru,Agender
188,Gordie,Pudsall,gpudsall57@diigo.com,Male
189,Bennie,Dincke,bdincke58@spiegel.de,Male
190,Reynolds,Mellenby,rmellenby59@edublogs.org,Male
191,Jenica,Hargrove,jhargrove5a@amazon.co.jp,Female
192,Leandra,Furminger,lfurminger5b@nyu.edu,Female
193,Allan,Nelsen,anelsen5c@arizona.edu,Male
194,Madalyn,Stolz,mstolz5d@redcross.org,Female
195,Mela,Sallenger,msallenger5e@w3.org,Female
196,Buddy,Samudio,bsamudio5f@ed.gov,Male
197,Davidde,Switsur,dswitsur5g@digg.com,Male
198,Callean,Fydo,cfydo5h@jimdo.com,Male
199,Lindsey,Brandino,lbrandino5i@go.com,Female
200,Zaria,Baskwell,zbaskwell5j@ftc.gov,Female
201,Marcela,Hubber,mhubber5k@joomla.org,Female
202,Red,Doree,rdoree5l@accuweather.com,Male
203,Caroljean,Selley,cselley5m@time.com,Female
204,Jobi,Camin,jcamin5n@deviantart.com,Female
205,Bobine,Boliver,bboliver5o@wikispaces.com,Female
206,Bobbee,Andriveau,bandriveau5p@feedburner.com,Female
207,Clerkclaude,Bergeau,cbergeau5q@rakuten.co.jp,Genderfluid
208,Selby,Eglaise,seglaise5r@ask.com,Male
209,Meg,Fain,mfain5s@telegraph.co.uk,Female
210,Carolyn,Dank,cdank5t@ibm.com,Female
211,Laughton,Tryhorn,ltryhorn5u@newyorker.com,Male
212,Geoff,Bettles,gbettles5v@webnode.com,Bigender
213,Lek,Myring,lmyring5w@cornell.edu,Male
214,Perceval,Sawforde,psawforde5x@themeforest.net,Male
215,Massimo,Headon,mheadon5y@eepurl.com,Male
216,Rozamond,Geldard,rgeldard5z@symantec.com,Polygender
217,Steward,Francais,sfrancais60@ucoz.com,Male
218,Martino,Meechan,mmeechan61@csmonitor.com,Agender
219,Lionel,Carabet,lcarabet62@flavors.me,Male
220,Sargent,Albasiny,salbasiny63@cdc.gov,Male
221,Morten,Fuentez,mfuentez64@friendfeed.com,Polygender
222,Jared,Greedier,jgreedier65@mysql.com,Male
223,Gare,Kaesmans,gkaesmans66@opera.com,Male
224,Tallia,Domeney,tdomeney67@cpanel.net,Female
225,Jeffy,Ewbanche,jewbanche68@furl.net,Male
226,Sarita,Demko,sdemko69@uiuc.edu,Female
227,Mallory,Allison,mallison6a@imageshack.us,Agender
228,Hadleigh,Schowenburg,hschowenburg6b@msu.edu,Male
229,Chiquia,Randle,crandle6c@google.com.au,Non-binary
230,Audrye,Colquete,acolquete6d@google.com.br,Female
231,Kinny,Predohl,kpredohl6e@economist.com,Male
232,Avis,Camili,acamili6f@wikia.com,Female
233,Tadd,Kliement,tkliement6g@technorati.com,Male
234,Tabor,Liddall,tliddall6h@simplemachines.org,Male
235,Tomlin,Barbour,tbarbour6i@pcworld.com,Male
236,Craig,Mulrean,cmulrean6j@mtv.com,Non-binary
237,Lavina,Coatsworth,lcoatsworth6k@amazon.co.uk,Female
238,Lorenzo,Wales,lwales6l@soundcloud.com,Male
239,Addia,Tinto,atinto6m@answers.com,Female
240,Ashby,Noirel,anoirel6n@slate.com,Male
241,Mallory,Manass,mmanass6o@godaddy.com,Male
242,Corilla,Pedrollo,cpedrollo6p@pagesperso-orange.fr,Female
243,Verna,Mahon,vmahon6q@printfriendly.com,Female
244,Dorolisa,Brill,dbrill6r@biglobe.ne.jp,Agender
245,Jard,Ridsdale,jridsdale6s@meetup.com,Male
246,Herve,Burtwhistle,hburtwhistle6t@springer.com,Male
247,Tedi,Libbey,tlibbey6u@washington.edu,Female
248,Bondie,Venes,bvenes6v@quantcast.com,Male
249,Wit,Abela,wabela6w@webnode.com,Male
250,Hartwell,Storr,hstorr6x@seattletimes.com,Male
251,Flory,Greedyer,fgreedyer6y@samsung.com,Genderfluid
252,Mandie,Fulmen,mfulmen6z@cornell.edu,Female
253,Elora,Normanville,enormanville70@ehow.com,Female
254,Ysabel,Liveley,yliveley71@scribd.com,Polygender
255,Austen,Tibbotts,atibbotts72@squidoo.com,Male
256,Brett,Doberer,bdoberer73@unc.edu,Female
257,Branden,Grishanin,bgrishanin74@delicious.com,Male
258,Beatrice,Asprey,basprey75@instagram.com,Female
259,Hyacinthe,Spottiswoode,hspottiswoode76@zimbio.com,Female
260,Ulysses,Thacker,uthacker77@sina.com.cn,Male
261,Katherina,Ernshaw,kernshaw78@zdnet.com,Female
262,Beck,Nassau,bnassau79@cnet.com,Male
263,Jeanette,Schober,jschober7a@wisc.edu,Female
264,Cindy,Queyeiro,cqueyeiro7b@ow.ly,Female
265,Kendell,Pelman,kpelman7c@shareasale.com,Male
266,Addy,Behr,abehr7d@amazon.com,Male
267,Moina,Brickhill,mbrickhill7e@irs.gov,Female
268,Emilia,Iacobacci,eiacobacci7f@de.vu,Female
269,Lottie,Perton,lperton7g@infoseek.co.jp,Female
270,Barbara-anne,Medway,bmedway7h@hexun.com,Female
271,Crichton,Gethen,cgethen7i@princeton.edu,Male
272,Estelle,Lavalle,elavalle7j@blogtalkradio.com,Female
273,Brittany,Winborn,bwinborn7k@auda.org.au,Female
274,Damon,Christensen,dchristensen7l@answers.com,Male
275,Faulkner,Miners,fminers7m@studiopress.com,Male
276,Saunders,Kittiman,skittiman7n@sbwire.com,Agender
277,Quintana,Jamieson,qjamieson7o@cdbaby.com,Female
278,Steven,McGeffen,smcgeffen7p@ycombinator.com,Male
279,Madlen,Tinsley,mtinsley7q@intel.com,Female
280,Matthias,Summerfield,msummerfield7r@fc2.com,Male
281,Gwenora,Longman,glongman7s@gnu.org,Female
282,Stesha,Patel,spatel7t@sfgate.com,Female
283,Orlando,Ortzen,oortzen7u@cafepress.com,Male
284,Annabal,Genese,agenese7v@craigslist.org,Female
285,Burg,Langer,blanger7w@fotki.com,Male
286,Verne,Petracci,vpetracci7x@joomla.org,Male
287,Garrard,Orrett,gorrett7y@goo.gl,Male
288,Orton,Dufaur,odufaur7z@godaddy.com,Agender
289,Franzen,Elsey,felsey80@tuttocitta.it,Agender
290,Danella,Sturte,dsturte81@cdc.gov,Female
291,Susette,Ovenell,sovenell82@mapy.cz,Female
292,Hailey,Dahlgren,hdahlgren83@cnet.com,Male
293,Cairistiona,Carp,ccarp84@bravesites.com,Female
294,Kayne,Yourell,kyourell85@ning.com,Male
295,Monte,Gullberg,mgullberg86@shinystat.com,Male
296,Aldus,Jelf,ajelf87@accuweather.com,Male
297,Agretha,Matthiae,amatthiae88@usnews.com,Female
298,Tatum,McNeill,tmcneill89@psu.edu,Female
299,Maxi,McDougle,mmcdougle8a@eepurl.com,Female
300,Korie,Domeny,kdomeny8b@ezinearticles.com,Female
301,Charlena,Hayhoe,chayhoe8c@mac.com,Female
302,Ebba,Zanutti,ezanutti8d@columbia.edu,Female
303,Anica,Harrow,aharrow8e@bigcartel.com,Female
304,Caye,Steer,csteer8f@youtu.be,Bigender
305,Timmie,Fessby,tfessby8g@uol.com.br,Female
306,Bartolomeo,Peyzer,bpeyzer8h@upenn.edu,Male
307,Jareb,Amphlett,jamphlett8i@tmall.com,Male
308,Corrianne,Simonnot,csimonnot8j@g.co,Female
309,Starr,Hadlington,shadlington8k@google.com.br,Female
310,Wilburt,McClements,wmcclements8l@statcounter.com,Male
311,Sydney,Cowburn,scowburn8m@infoseek.co.jp,Agender
312,Rolland,Wawer,rwawer8n@youtu.be,Male
313,Maryrose,Ivkovic,mivkovic8o@shareasale.com,Bigender
314,Jakob,Shadrack,jshadrack8p@microsoft.com,Male
315,Glenda,Merrington,gmerrington8q@bizjournals.com,Female
316,Robbin,Gerrelts,rgerrelts8r@qq.com,Female
317,Caresse,Labusch,clabusch8s@over-blog.com,Female
318,Chase,Dorot,cdorot8t@51.la,Male
319,Leilah,Szimon,lszimon8u@fastcompany.com,Female
320,Desmund,Durant,ddurant8v@opensource.org,Male
321,Sharia,Prewer,sprewer8w@i2i.jp,Female
322,Sky,McRoberts,smcroberts8x@army.mil,Genderqueer
323,Lorrayne,Reams,lreams8y@marriott.com,Female
324,Curry,Sheepy,csheepy8z@wordpress.org,Male
325,Zeb,Pattison,zpattison90@xinhuanet.com,Male
326,Alfy,McVicar,amcvicar91@tripod.com,Female
327,Arthur,Corssen,acorssen92@state.gov,Male
328,Ray,Franceschelli,rfranceschelli93@moonfruit.com,Female
329,Herculie,Patise,hpatise94@hud.gov,Male
330,Sterling,Dumphry,sdumphry95@cyberchimps.com,Male
331,Lexis,Peirce,lpeirce96@meetup.com,Genderqueer
332,Donia,Scardifield,dscardifield97@mac.com,Female
333,Inger,Gregorin,igregorin98@uol.com.br,Male
334,Matthus,Exall,mexall99@aboutads.info,Male
335,Mae,d' Elboux,mdelboux9a@theguardian.com,Female
336,Marlow,Cornfield,mcornfield9b@ibm.com,Male
337,Kylen,Benza,kbenza9c@wordpress.org,Agender
338,Delmar,Seebert,dseebert9d@noaa.gov,Male
339,Dene,Drance,ddrance9e@ameblo.jp,Male
340,Krisha,Ibbott,kibbott9f@vistaprint.com,Male
341,Angus,Ottley,aottley9g@nbcnews.com,Male
342,Yolane,Eves,yeves9h@senate.gov,Female
343,Hallie,MacNally,hmacnally9i@unblog.fr,Female
344,Wright,Painten,wpainten9j@whitehouse.gov,Male
345,Nancy,Rodear,nrodear9k@linkedin.com,Female
346,King,Di Carli,kdicarli9l@slate.com,Male
347,Judon,Burrell,jburrell9m@topsy.com,Male
348,Bret,Bruster,bbruster9n@fda.gov,Male
349,Flinn,Simcoe,fsimcoe9o@xrea.com,Male
350,Jemima,Stiger,jstiger9p@macromedia.com,Female
351,Jaime,Winfindale,jwinfindale9q@google.nl,Genderqueer
352,Ansley,Swatland,aswatland9r@statcounter.com,Female
353,Sherwynd,Foukx,sfoukx9s@sciencedirect.com,Male
354,Ambrosio,Matschke,amatschke9t@phpbb.com,Male
355,Gaylord,Holstein,gholstein9u@ca.gov,Male
356,Agneta,Varfalameev,avarfalameev9v@nba.com,Female
357,Jess,Baldock,jbaldock9w@domainmarket.com,Polygender
358,Megan,Rushbury,mrushbury9x@amazon.co.uk,Female
359,Elston,Bodman,ebodman9y@barnesandnoble.com,Male
360,Gerek,Wilson,gwilson9z@ameblo.jp,Male
361,Romain,Cham,rchama0@samsung.com,Male
362,Jackie,Buie,jbuiea1@reverbnation.com,Male
363,Jarvis,Davidovitch,jdavidovitcha2@hud.gov,Male
364,Ebba,Pallesen,epallesena3@imdb.com,Female
365,Harli,Whorlow,hwhorlowa4@msu.edu,Female
366,Gris,Ridewood,gridewooda5@engadget.com,Male
367,Meriel,MacNeill,mmacneilla6@mozilla.com,Female
368,Adella,Eland,aelanda7@sina.com.cn,Bigender
369,Felike,Belli,fbellia8@arizona.edu,Male
370,Morley,Hanby,mhanbya9@independent.co.uk,Male
371,Donovan,Janecki,djaneckiaa@cnn.com,Male
372,Stanton,Grosvener,sgrosvenerab@squarespace.com,Male
373,Ros,Josselson,rjosselsonac@macromedia.com,Female
374,Adriano,Beretta,aberettaad@desdev.cn,Male
375,Cordey,Szepe,cszepeae@baidu.com,Female
376,Guglielmo,Eyles,geylesaf@ucsd.edu,Male
377,Shandie,Seabon,sseabonag@prweb.com,Female
378,Jerald,Sudron,jsudronah@icq.com,Male
379,Teddy,Flecknell,tflecknellai@indiatimes.com,Male
380,Rodd,Cauderlie,rcauderlieaj@i2i.jp,Male
381,Emelyne,Kempshall,ekempshallak@china.com.cn,Female
382,Seymour,Mazzey,smazzeyal@smh.com.au,Male
383,Bruno,Fermoy,bfermoyam@cdc.gov,Male
384,Salvidor,Filchagin,sfilchaginan@who.int,Male
385,Emmett,Bance,ebanceao@tripod.com,Male
386,Bradford,Garbott,bgarbottap@prnewswire.com,Male
387,Jedd,Walbridge,jwalbridgeaq@imdb.com,Male
388,Rosanne,Petrik,rpetrikar@unicef.org,Female
389,Quinn,Blumfield,qblumfieldas@wikia.com,Female
390,Dolf,Dartnall,ddartnallat@engadget.com,Male
391,Marris,Younge,myoungeau@artisteer.com,Female
392,Doy,Gumby,dgumbyav@sogou.com,Male
393,Obed,Bowmen,obowmenaw@amazonaws.com,Male
394,Clay,Oakes,coakesax@creativecommons.org,Male
395,Minna,Riggert,mriggertay@cbc.ca,Female
396,Emelyne,Endecott,eendecottaz@nyu.edu,Female
397,Crawford,Cordelet,ccordeletb0@wix.com,Male
398,Robbert,Pettman,rpettmanb1@theglobeandmail.com,Male
399,Charity,Poulston,cpoulstonb2@symantec.com,Female
400,Humfrid,Reyes,hreyesb3@home.pl,Male
401,Papagena,Curr,pcurrb4@usnews.com,Female
402,Coriss,Worviell,cworviellb5@1688.com,Female
403,Aluino,Raye,arayeb6@google.cn,Male
404,Woodrow,Wallentin,wwallentinb7@go.com,Male
405,Emlynne,Fossey,efosseyb8@homestead.com,Female
406,Helsa,Olliar,holliarb9@goodreads.com,Female
407,Atalanta,Fadell,afadellba@craigslist.org,Female
408,Mill,Cockill,mcockillbb@wikispaces.com,Male
409,Hinda,McGrady,hmcgradybc@hao123.com,Female
410,Lindsey,Manon,lmanonbd@arstechnica.com,Female
411,Yvon,Arnholz,yarnholzbe@china.com.cn,Male
412,Matilda,Manwaring,mmanwaringbf@mozilla.org,Female
413,Lenard,Trousdell,ltrousdellbg@auda.org.au,Male
414,Bertie,Huske,bhuskebh@google.com.au,Female
415,Hestia,Mauchline,hmauchlinebi@google.co.uk,Female
416,Prince,Ambrosi,pambrosibj@weebly.com,Male
417,Byram,Rihanek,brihanekbk@homestead.com,Male
418,Hallsy,Bohman,hbohmanbl@mayoclinic.com,Male
419,Cordy,Ryves,cryvesbm@mayoclinic.com,Agender
420,Otho,Bettleson,obettlesonbn@go.com,Male
421,Kellby,Parkinson,kparkinsonbo@issuu.com,Male
422,Trina,Inchley,tinchleybp@360.cn,Female
423,Nichole,Chasmer,nchasmerbq@i2i.jp,Male
424,Yard,Gayton,ygaytonbr@dailymail.co.uk,Male
425,Beatrix,Humberstone,bhumberstonebs@gmpg.org,Female
426,Jehu,Blanc,jblancbt@bizjournals.com,Male
427,Dorthy,Balderson,dbaldersonbu@tuttocitta.it,Female
428,Trumaine,Cello,tcellobv@ucoz.com,Male
429,Wittie,Chesterman,wchestermanbw@bing.com,Male
430,Cammie,Fitzsimons,cfitzsimonsbx@mapy.cz,Female
431,Esta,Luxton,eluxtonby@miitbeian.gov.cn,Female
432,Devi,Ismead,dismeadbz@ed.gov,Female
433,Alexis,Bridgett,abridgettc0@amazon.com,Male
434,Andreas,Cheatle,acheatlec1@shutterfly.com,Male
435,Gayle,Chomley,gchomleyc2@home.pl,Male
436,Shaun,Mycroft,smycroftc3@earthlink.net,Genderfluid
437,Nelie,Grahlman,ngrahlmanc4@freewebs.com,Female
438,Clim,Leheude,cleheudec5@utexas.edu,Male
439,Silvester,Brannon,sbrannonc6@ebay.co.uk,Male
440,Cleavland,Bonhill,cbonhillc7@cbslocal.com,Male
441,Joceline,Tunno,jtunnoc8@cafepress.com,Female
442,Arnold,Amsden,aamsdenc9@google.co.uk,Male
443,Francene,Insworth,finsworthca@msu.edu,Female
444,Natalya,Filipczak,nfilipczakcb@ifeng.com,Genderqueer
445,Garrek,Inold,ginoldcc@360.cn,Male
446,Julienne,Creenan,jcreenancd@bluehost.com,Polygender
447,Ora,Gammack,ogammackce@over-blog.com,Female
448,Sergeant,Ratter,srattercf@salon.com,Male
449,Rhiamon,Ierland,rierlandcg@home.pl,Female
450,Torey,Shervington,tshervingtonch@xinhuanet.com,Female
451,Enoch,Tawn,etawnci@woothemes.com,Male
452,Wallas,Elstow,welstowcj@addthis.com,Male
453,Krispin,Bell,kbellck@seesaa.net,Male
454,Janella,Haughey,jhaugheycl@irs.gov,Female
455,Phillis,Tewkesberrie,ptewkesberriecm@boston.com,Female
456,Gery,Munnery,gmunnerycn@oaic.gov.au,Male
457,Rog,Sargison,rsargisonco@gov.uk,Male
458,Sanson,Armit,sarmitcp@plala.or.jp,Male
459,Janine,Guyers,jguyerscq@acquirethisname.com,Female
460,Jeddy,Hillhouse,jhillhousecr@deliciousdays.com,Male
461,Joseito,Strelitzer,jstrelitzercs@scribd.com,Male
462,Monti,Cescoti,mcescotict@dyndns.org,Male
463,Talia,Hallstone,thallstonecu@storify.com,Bigender
464,Skip,Bumfrey,sbumfreycv@blogspot.com,Male
465,Wallace,Dohrmann,wdohrmanncw@mapquest.com,Male
466,Saleem,Follan,sfollancx@booking.com,Male
467,Jamie,Klimentov,jklimentovcy@yale.edu,Male
468,Kellby,Snoddin,ksnoddincz@cmu.edu,Male
469,Marcia,Comley,mcomleyd0@discovery.com,Female
470,Raeann,Brydell,rbrydelld1@utexas.edu,Female
471,Zedekiah,Munro,zmunrod2@harvard.edu,Male
472,Frankie,Saull,fsaulld3@mayoclinic.com,Female
473,Lisabeth,Haney`,lhaneyd4@1688.com,Female
474,Jay,Lernihan,jlernihand5@dagondesign.com,Male
475,Fleurette,Chinnery,fchinneryd6@wikimedia.org,Female
476,Sidonnie,McConnulty,smcconnultyd7@techcrunch.com,Female
477,Emanuel,Settle,esettled8@wunderground.com,Male
478,Hube,Rousel,hrouseld9@nifty.com,Male
479,Elene,Neilan,eneilanda@goodreads.com,Female
480,Tremayne,Bedells,tbedellsdb@51.la,Male
481,Nicoli,Philipeaux,nphilipeauxdc@ovh.net,Female
482,Boot,Naisbet,bnaisbetdd@newsvine.com,Male
483,Mikaela,Mingaud,mmingaudde@ycombinator.com,Female
484,Klemens,Buncombe,kbuncombedf@mozilla.org,Male
485,Avery,Rands,arandsdg@wix.com,Male
486,Trudi,Wyldes,twyldesdh@imageshack.us,Genderqueer
487,Sean,Bertome,sbertomedi@hc360.com,Male
488,Hedy,Pioli,hpiolidj@harvard.edu,Female
489,Marsiella,Whitcomb,mwhitcombdk@rakuten.co.jp,Female
490,Lydon,Tumulty,ltumultydl@msu.edu,Male
491,Matti,Oxteby,moxtebydm@springer.com,Female
492,Waldemar,Grafhom,wgrafhomdn@hexun.com,Male
493,Wilfrid,Gouldie,wgouldiedo@timesonline.co.uk,Male
494,Karil,Duckwith,kduckwithdp@theglobeandmail.com,Female
495,Packston,Winpenny,pwinpennydq@lycos.com,Male
496,Ariadne,Evans,aevansdr@cam.ac.uk,Female
497,Luce,Gencke,lgenckeds@indiatimes.com,Female
498,Dasi,De Beauchemp,ddebeauchempdt@yolasite.com,Female
499,Lind,Roddie,lroddiedu@csmonitor.com,Male
500,Ermin,Wickersley,ewickersleydv@xing.com,Male
501,Mirilla,Boulden,mbouldendw@un.org,Female
502,Nonnah,Reynoollds,nreynoolldsdx@imgur.com,Genderfluid
503,Page,Hails,phailsdy@dropbox.com,Female
504,Keen,Plascott,kplascottdz@mozilla.org,Male
505,Raf,Jerzak,rjerzake0@desdev.cn,Female
506,Dasie,Altree,daltreee1@umn.edu,Female
507,Eleanora,Brooks,ebrookse2@hao123.com,Female
508,Robbie,Easterling,reasterlinge3@businessweek.com,Genderfluid
509,Maud,Daysh,mdayshe4@miibeian.gov.cn,Female
510,Mathew,Alves,malvese5@uiuc.edu,Male
511,Tommy,Witton,twittone6@is.gd,Male
512,Loy,Twede,ltwedee7@t-online.de,Male
513,Terrie,Mersh,tmershe8@comcast.net,Female
514,Michaella,Dumbar,mdumbare9@elegantthemes.com,Female
515,Marcellina,Lief,mliefea@princeton.edu,Female
516,Wren,Exrol,wexroleb@businesswire.com,Female
517,Aigneis,Persey,aperseyec@gravatar.com,Female
518,Thomasina,Eddies,teddiesed@is.gd,Female
519,Ilyssa,Hirtz,ihirtzee@auda.org.au,Female
520,Chantalle,Goodband,cgoodbandef@homestead.com,Female
521,Yank,Thomesson,ythomessoneg@weather.com,Male
522,Elnore,Willbond,ewillbondeh@loc.gov,Non-binary
523,Hollie,Norval,hnorvalei@hibu.com,Female
524,Inger,Fishbourne,ifishbourneej@canalblog.com,Female
525,Ruth,Wiersma,rwiersmaek@msu.edu,Female
526,Thedrick,Teml,ttemlel@mlb.com,Male
527,Brear,Skamal,bskamalem@bloomberg.com,Female
528,Eva,Ledward,eledwarden@paginegialle.it,Female
529,Kareem,Sawtell,ksawtelleo@hhs.gov,Male
530,Quint,Crosbie,qcrosbieep@imgur.com,Male
531,Seana,Raddan,sraddaneq@businessweek.com,Female
532,Eyde,Friese,efrieseer@usatoday.com,Bigender
533,Caesar,Duval,cduvales@skype.com,Male
534,Berkley,Abelson,babelsonet@google.co.uk,Male
535,Clemence,McKnockiter,cmcknockitereu@flavors.me,Female
536,Davin,Leverson,dleversonev@networkadvertising.org,Male
537,Algernon,Kinnin,akinninew@hatena.ne.jp,Male
538,Di,Dyerson,ddyersonex@storify.com,Female
539,Marysa,Riggulsford,mriggulsfordey@meetup.com,Female
540,Marinna,Veare,mveareez@sitemeter.com,Female
541,Hugibert,Pound,hpoundf0@weibo.com,Male
542,Judye,Brason,jbrasonf1@hao123.com,Female
543,Darrell,Gertz,dgertzf2@ucoz.com,Male
544,Muffin,Ziemens,mziemensf3@zdnet.com,Female
545,Wilt,Skinley,wskinleyf4@symantec.com,Male
546,Walliw,Shirtliff,wshirtlifff5@latimes.com,Female
547,Jsandye,Heinig,jheinigf6@ca.gov,Female
548,Jozef,Goneau,jgoneauf7@uiuc.edu,Male
549,Marna,O' Meara,momearaf8@usgs.gov,Female
550,Patrice,Kenn,pkennf9@psu.edu,Female
551,Xymenes,Eardley,xeardleyfa@canalblog.com,Male
552,Ivette,Commucci,icommuccifb@nymag.com,Female
553,Yolande,Phuprate,yphupratefc@mozilla.org,Female
554,Alick,Rydzynski,arydzynskifd@virginia.edu,Male
555,Veriee,Peel,vpeelfe@imdb.com,Female
556,Huberto,Turnbull,hturnbullff@princeton.edu,Male
557,Alyse,Heistermann,aheistermannfg@cdc.gov,Female
558,Gabriell,Qualtrough,gqualtroughfh@mysql.com,Female
559,Halsey,Friberg,hfribergfi@amazon.com,Non-binary
560,Bax,Kempstone,bkempstonefj@g.co,Male
561,Gaelan,Maddie,gmaddiefk@sogou.com,Male
562,Golda,Blackman,gblackmanfl@prweb.com,Female
563,Euphemia,Tinn,etinnfm@cdc.gov,Female
564,Ingrid,Fantin,ifantinfn@icq.com,Female
565,Malvina,Kester,mkesterfo@admin.ch,Female
566,Lars,Yukhtin,lyukhtinfp@upenn.edu,Polygender
567,Christoper,Terram,cterramfq@studiopress.com,Male
568,Barbabra,McGow,bmcgowfr@ft.com,Genderfluid
569,Regen,Mattes,rmattesfs@whitehouse.gov,Male
570,Melinde,Lockett,mlockettft@canalblog.com,Female
571,Aldis,Elwell,aelwellfu@artisteer.com,Male
572,Petronia,Floyed,pfloyedfv@businesswire.com,Female
573,Fletch,McConigal,fmcconigalfw@reference.com,Male
574,Chelsae,Liffe,cliffefx@dropbox.com,Female
575,Tamera,Hatton,thattonfy@phpbb.com,Female
576,Early,Pendle,ependlefz@ustream.tv,Male
577,Rivkah,Esson,ressong0@scientificamerican.com,Female
578,Alric,Stagg,astaggg1@clickbank.net,Male
579,Eugenie,Sinkin,esinking2@cmu.edu,Female
580,Nikolaos,Meus,nmeusg3@va.gov,Male
581,Jeanelle,Just,jjustg4@symantec.com,Female
582,Killy,Davisson,kdavissong5@ovh.net,Male
583,Franky,Beentjes,fbeentjesg6@51.la,Male
584,Ophelia,Duff,oduffg7@macromedia.com,Female
585,Trish,Rowett,trowettg8@cdc.gov,Female
586,Dimitri,Mowlam,dmowlamg9@state.tx.us,Male
587,Marshall,Jurisch,mjurischga@seattletimes.com,Male
588,Gram,Beckerleg,gbeckerleggb@canalblog.com,Male
589,Codi,Borrott,cborrottgc@upenn.edu,Female
590,Ambrosio,Boultwood,aboultwoodgd@ocn.ne.jp,Male
591,Brigg,Abry,babryge@flavors.me,Male
592,Sargent,Acklands,sacklandsgf@census.gov,Male
593,Roman,Woodier,rwoodiergg@vistaprint.com,Male
594,Durante,Grundon,dgrundongh@squidoo.com,Male
595,Selina,Brownsall,sbrownsallgi@phpbb.com,Female
596,Giffy,Jupp,gjuppgj@discovery.com,Male
597,Amabel,Tuckerman,atuckermangk@issuu.com,Genderqueer
598,Patience,St. Pierre,pstpierregl@4shared.com,Female
599,Matteo,Tabb,mtabbgm@webnode.com,Male
600,Theresina,Warbeys,twarbeysgn@amazonaws.com,Female
601,Hunfredo,Galbraeth,hgalbraethgo@odnoklassniki.ru,Male
602,Nita,Stickells,nstickellsgp@msu.edu,Female
603,Erhart,Lepere,eleperegq@prweb.com,Male
604,Nadiya,Sloegrave,nsloegravegr@cocolog-nifty.com,Female
605,Artie,Gumbrell,agumbrellgs@nationalgeographic.com,Male
606,Hayward,Bull,hbullgt@wordpress.com,Male
607,Jessy,Donlon,jdonlongu@sfgate.com,Female
608,Mark,Emmines,memminesgv@reference.com,Male
609,Berkly,Byford,bbyfordgw@businessinsider.com,Male
610,Booth,MacPherson,bmacphersongx@patch.com,Male
611,Ellynn,Caddies,ecaddiesgy@mail.ru,Bigender
612,Stefanie,Witcombe,switcombegz@dell.com,Female
613,Donnie,Logan,dloganh0@seesaa.net,Male
614,Evey,Westnage,ewestnageh1@squidoo.com,Female
615,Valaree,Lovegrove,vlovegroveh2@biglobe.ne.jp,Female
616,Kevina,Sisson,ksissonh3@bigcartel.com,Female
617,Naoma,Quakley,nquakleyh4@wikimedia.org,Female
618,Dulcy,Joanaud,djoanaudh5@dailymotion.com,Female
619,Daune,Harnell,dharnellh6@sun.com,Polygender
620,Avram,Wollen,awollenh7@wikipedia.org,Male
621,Leontyne,Pearch,lpearchh8@blogger.com,Female
622,Windy,Nelthrop,wnelthroph9@usgs.gov,Female
623,Rickey,Sircombe,rsircombeha@senate.gov,Male
624,Jethro,Jeannesson,jjeannessonhb@mozilla.org,Male
625,Ulrike,Waddoups,uwaddoupshc@istockphoto.com,Female
626,Clemmy,Peterkin,cpeterkinhd@narod.ru,Bigender
627,Kaila,Palleske,kpalleskehe@gov.uk,Female
628,Jobey,Becarra,jbecarrahf@github.io,Bigender
629,Daren,Minshaw,dminshawhg@naver.com,Bigender
630,Brit,Sercombe,bsercombehh@senate.gov,Male
631,Annamaria,Rallings,arallingshi@rediff.com,Female
632,Elspeth,Whytock,ewhytockhj@theguardian.com,Female
633,Kalle,Andreaccio,kandreacciohk@tinyurl.com,Male
634,Antonin,Stellino,astellinohl@comcast.net,Male
635,Colan,Leguay,cleguayhm@topsy.com,Male
636,Joellen,Skule,jskulehn@sphinn.com,Female
637,Corinna,Marwood,cmarwoodho@webeden.co.uk,Female
638,Roderich,Janaszkiewicz,rjanaszkiewiczhp@acquirethisname.com,Polygender
639,Vikki,Belhome,vbelhomehq@webeden.co.uk,Female
640,Tomas,Ferraro,tferrarohr@hexun.com,Male
641,Carolin,Nevet,cneveths@stumbleupon.com,Female
642,Ailsun,Parzizek,aparzizekht@arizona.edu,Female
643,Eddie,Lawden,elawdenhu@sina.com.cn,Female
644,Shepherd,Simms,ssimmshv@ocn.ne.jp,Male
645,Nike,Deguara,ndeguarahw@bloomberg.com,Female
646,Ileane,McOnie,imconiehx@irs.gov,Female
647,Lettie,Simmans,lsimmanshy@arstechnica.com,Female
648,Dena,Bennitt,dbennitthz@skyrock.com,Female
649,Jeanie,Souten,jsouteni0@163.com,Female
650,Gerri,Moine,gmoinei1@jalbum.net,Male
651,Sergeant,Awin,sawini2@pcworld.com,Male
652,Teodoor,Seden,tsedeni3@nydailynews.com,Male
653,Ozzy,Necolds,onecoldsi4@slashdot.org,Male
654,Sheila,Ricoald,sricoaldi5@ox.ac.uk,Female
655,Marie-ann,Hilldrup,mhilldrupi6@skyrock.com,Female
656,Amity,Shapero,ashaperoi7@narod.ru,Female
657,Leopold,Petow,lpetowi8@cloudflare.com,Male
658,Monte,Shillabeer,mshillabeeri9@g.co,Male
659,Romy,Herche,rhercheia@oracle.com,Female
660,Nikki,Snape,nsnapeib@auda.org.au,Male
661,Vinni,Copsey,vcopseyic@soup.io,Female
662,Janeta,Boud,jboudid@washington.edu,Female
663,Travus,Plevey,tpleveyie@blogs.com,Genderqueer
664,Orrin,Aiston,oaistonif@github.io,Male
665,Brianne,Spurrier,bspurrierig@ifeng.com,Female
666,Fred,Skupinski,fskupinskiih@phpbb.com,Female
667,Kelli,Kearney,kkearneyii@goodreads.com,Female
668,Garwood,Mahood,gmahoodij@baidu.com,Male
669,Ripley,Morfield,rmorfieldik@xrea.com,Male
670,Nona,Jindrich,njindrichil@blogtalkradio.com,Female
671,Bram,Peter,bpeterim@biblegateway.com,Male
672,Zedekiah,Treamayne,ztreamaynein@wired.com,Male
673,Kelsi,Crudginton,kcrudgintonio@wikimedia.org,Female
674,Amil,Mair,amairip@hatena.ne.jp,Female
675,Wendall,Rubartelli,wrubartelliiq@artisteer.com,Male
676,Stacie,Brewitt,sbrewittir@wix.com,Female
677,Dietrich,Pohling,dpohlingis@last.fm,Male
678,Kimbra,Sille,ksilleit@geocities.com,Female
679,Saul,Antonias,santoniasiu@ameblo.jp,Male
680,Amitie,Carrigan,acarriganiv@naver.com,Female
681,Erwin,Forsythe,eforsytheiw@dailymotion.com,Male
682,Chloris,Waggitt,cwaggittix@state.tx.us,Female
683,Malena,Durman,mdurmaniy@cbc.ca,Female
684,Chrissy,Bain,cbainiz@mail.ru,Agender
685,Ellen,Ditt,edittj0@cpanel.net,Female
686,Alic,Moran,amoranj1@yolasite.com,Male
687,Betty,Luckman,bluckmanj2@studiopress.com,Female
688,Reggy,McGrirl,rmcgrirlj3@etsy.com,Male
689,Theo,Stopper,tstopperj4@prlog.org,Male
690,Anna-maria,Huggen,ahuggenj5@cafepress.com,Female
691,Averell,Chilver,achilverj6@si.edu,Male
692,Josias,Pyne,jpynej7@wunderground.com,Male
693,Mariellen,Ripper,mripperj8@latimes.com,Female
694,Harris,Bourgour,hbourgourj9@sun.com,Male
695,Ambrosi,Mant,amantja@hp.com,Male
696,Gelya,Frankel,gfrankeljb@jalbum.net,Female
697,Kendra,Hamlin,khamlinjc@canalblog.com,Female
698,Lebbie,Stonhard,lstonhardjd@gmpg.org,Female
699,Basia,Coatman,bcoatmanje@elpais.com,Female
700,Kikelia,Balk,kbalkjf@tuttocitta.it,Bigender
701,Madeline,Yele,myelejg@wordpress.com,Female
702,Lorita,Dullingham,ldullinghamjh@about.me,Female
703,Flory,Cornbill,fcornbillji@unesco.org,Male
704,Antonie,d' Eye,adeyejj@cisco.com,Non-binary
705,Rivy,Boule,rboulejk@nature.com,Female
706,Monti,Gathwaite,mgathwaitejl@ycombinator.com,Male
707,Benoite,Latehouse,blatehousejm@psu.edu,Female
708,Law,Lessmare,llessmarejn@example.com,Male
709,Chelsie,Gore,cgorejo@ihg.com,Female
710,Palmer,Bates,pbatesjp@delicious.com,Male
711,Lurlene,Meriton,lmeritonjq@cloudflare.com,Female
712,Padgett,Pawfoot,ppawfootjr@amazon.de,Male
713,Kelli,Savil,ksaviljs@dailymotion.com,Female
714,Dorian,Coonan,dcoonanjt@i2i.jp,Male
715,Hertha,Shotbolt,hshotboltju@auda.org.au,Female
716,Alfie,Valentinuzzi,avalentinuzzijv@opensource.org,Female
717,Carlin,Richie,crichiejw@uiuc.edu,Bigender
718,Erminie,Salzburg,esalzburgjx@cpanel.net,Female
719,Adiana,Skeels,askeelsjy@cbslocal.com,Female
720,Garvey,Brownsill,gbrownsilljz@admin.ch,Male
721,Bobbie,Bindin,bbindink0@vinaora.com,Female
722,Lee,Menego,lmenegok1@digg.com,Female
723,Silvana,Matthieson,smatthiesonk2@skyrock.com,Female
724,Bobbye,Leacy,bleacyk3@barnesandnoble.com,Female
725,Maryellen,Altimas,maltimask4@goo.ne.jp,Polygender
726,Tommie,Orrah,torrahk5@aboutads.info,Genderqueer
727,Bartlet,Thorp,bthorpk6@bloglovin.com,Male
728,Walther,Scurry,wscurryk7@nature.com,Male
729,Syd,Skough,sskoughk8@goo.ne.jp,Male
730,Alaric,Hoodless,ahoodlessk9@cornell.edu,Male
731,Kelly,Sissel,ksisselka@nih.gov,Male
732,Lynsey,Hollyer,lhollyerkb@list-manage.com,Female
733,Kellia,Smythin,ksmythinkc@japanpost.jp,Female
734,Herbert,Gaskarth,hgaskarthkd@dailymail.co.uk,Male
735,Hadria,Oldfield-Cherry,holdfieldcherryke@mtv.com,Female
736,Kaitlynn,Osler,koslerkf@webmd.com,Genderfluid
737,Evita,Fetherstone,efetherstonekg@altervista.org,Non-binary
738,Thatch,Ambrogini,tambroginikh@walmart.com,Male
739,Warden,Nutman,wnutmanki@phpbb.com,Male
740,Correy,Clunan,cclunankj@bravesites.com,Male
741,Prentice,Rate,pratekk@fema.gov,Male
742,Bibbye,Petrenko,bpetrenkokl@paypal.com,Female
743,Ashton,Avrahamian,aavrahamiankm@godaddy.com,Male
744,Amelie,Harbin,aharbinkn@blinklist.com,Polygender
745,Deborah,Lowne,dlowneko@purevolume.com,Female
746,Andrea,Meth,amethkp@google.cn,Male
747,Quinn,Fortesquieu,qfortesquieukq@msn.com,Male
748,Renie,O'Dyvoy,rodyvoykr@virginia.edu,Genderfluid
749,Sasha,Bellsham,sbellshamks@google.co.uk,Male
750,Julee,Vickers,jvickerskt@webmd.com,Female
751,Nate,Tesauro,ntesauroku@springer.com,Male
752,Pincas,Welband,pwelbandkv@china.com.cn,Male
753,Mohandis,Mor,mmorkw@dot.gov,Male
754,Fabien,Baulcombe,fbaulcombekx@uiuc.edu,Male
755,Wyatan,Georg,wgeorgky@ebay.com,Male
756,Percival,Jentzsch,pjentzschkz@ezinearticles.com,Male
757,Jackquelin,Dumbrell,jdumbrelll0@cisco.com,Female
758,Harriot,Antoons,hantoonsl1@goo.gl,Genderqueer
759,Claresta,Drew,cdrewl2@wiley.com,Female
760,Misha,Hembling,mhemblingl3@paginegialle.it,Female
761,Cristie,Brosch,cbroschl4@zimbio.com,Female
762,Kath,Adame,kadamel5@sbwire.com,Female
763,Kerby,Chong,kchongl6@nature.com,Male
764,Niel,Costanza,ncostanzal7@seattletimes.com,Male
765,Dennison,Strattan,dstrattanl8@imdb.com,Male
766,Raviv,Cardoe,rcardoel9@dagondesign.com,Male
767,Ilka,Pentony,ipentonyla@meetup.com,Female
768,Cal,Boughton,cboughtonlb@hao123.com,Genderfluid
769,Douglass,Attril,dattrillc@ucoz.ru,Male
770,Rosco,Stearne,rstearneld@joomla.org,Male
771,Lindie,Sheirlaw,lsheirlawle@dyndns.org,Female
772,Cole,McMeeking,cmcmeekinglf@statcounter.com,Male
773,Casi,Parade,cparadelg@disqus.com,Female
774,Meaghan,Concannon,mconcannonlh@diigo.com,Polygender
775,Dawn,Plait,dplaitli@pbs.org,Female
776,Daisey,Ebbs,debbslj@artisteer.com,Female
777,Ignazio,Mosdell,imosdelllk@wix.com,Male
778,Victoir,Semechik,vsemechikll@noaa.gov,Male
779,Izzy,Labrone,ilabronelm@xrea.com,Male
780,Sibel,Benedicte,sbenedicteln@behance.net,Female
781,Zolly,Bungey,zbungeylo@xing.com,Male
782,Eldridge,Coggins,ecogginslp@ehow.com,Male
783,Floris,Minget,fmingetlq@ebay.co.uk,Female
784,Chickie,Bromfield,cbromfieldlr@jimdo.com,Female
785,Constancia,Conerding,cconerdingls@nifty.com,Female
786,Jake,Ruddock,jruddocklt@friendfeed.com,Male
787,Sue,Cearley,scearleylu@xinhuanet.com,Female
788,Jerad,Snoden,jsnodenlv@ftc.gov,Male
789,Gaspar,Doumenc,gdoumenclw@github.io,Male
790,Berry,Elwin,belwinlx@live.com,Female
791,Hercule,Handford,hhandfordly@sitemeter.com,Male
792,Deeann,Cambridge,dcambridgelz@tinyurl.com,Female
793,Lanny,Sahnow,lsahnowm0@surveymonkey.com,Female
794,Mattie,Stanislaw,mstanislawm1@odnoklassniki.ru,Female
795,Hinze,Masurel,hmasurelm2@walmart.com,Polygender
796,Tanney,Maylin,tmaylinm3@taobao.com,Male
797,Ree,Hugnet,rhugnetm4@multiply.com,Female
798,Helsa,Pauel,hpauelm5@spiegel.de,Female
799,Constance,Perks,cperksm6@yolasite.com,Genderfluid
800,Kalie,Dunrige,kdunrigem7@chicagotribune.com,Bigender
801,Blair,Lillecrop,blillecropm8@edublogs.org,Male
802,Fairfax,Hartington,fhartingtonm9@msu.edu,Bigender
803,Haywood,Ravenhill,hravenhillma@reverbnation.com,Male
804,Grier,MacKay,gmackaymb@tinypic.com,Female
805,Addy,Smorthit,asmorthitmc@hexun.com,Male
806,Melony,Westcar,mwestcarmd@ed.gov,Female
807,Jeffrey,Durand,jdurandme@java.com,Male
808,Rustin,Treweke,rtrewekemf@domainmarket.com,Male
809,Wain,Bilam,wbilammg@telegraph.co.uk,Male
810,Brockie,Glennie,bglenniemh@infoseek.co.jp,Male
811,Jodi,Teanby,jteanbymi@barnesandnoble.com,Female
812,Danyette,Chellenham,dchellenhammj@census.gov,Female
813,Danila,Budding,dbuddingmk@google.it,Female
814,Betty,Garrique,bgarriqueml@ovh.net,Non-binary
815,Micheal,Catteroll,mcatterollmm@gov.uk,Male
816,Frankie,Carmody,fcarmodymn@dell.com,Male
817,Dougie,Mathias,dmathiasmo@oracle.com,Male
818,Mauricio,Mortlock,mmortlockmp@nih.gov,Male
819,Ashli,Pegden,apegdenmq@last.fm,Female
820,Vittorio,Vicker,vvickermr@redcross.org,Male
821,Ezri,Gockeler,egockelerms@amazon.de,Male
822,Alvan,Gamwell,agamwellmt@flavors.me,Male
823,Germana,Filochov,gfilochovmu@rambler.ru,Female
824,Hedvige,Kingscote,hkingscotemv@ucoz.com,Female
825,Melonie,Stilgo,mstilgomw@cnet.com,Genderqueer
826,Jodie,Hariot,jhariotmx@pagesperso-orange.fr,Female
827,Miguela,Saphin,msaphinmy@hao123.com,Female
828,Matthus,Duffy,mduffymz@sina.com.cn,Male
829,Whittaker,Linnett,wlinnettn0@purevolume.com,Male
830,Datha,Coppock.,dcoppockn1@discuz.net,Female
831,Tully,Hulle,thullen2@google.co.uk,Male
832,Durward,Hefforde,dhefforden3@rakuten.co.jp,Male
833,Alleyn,Matthesius,amatthesiusn4@comsenz.com,Male
834,Renado,Synder,rsyndern5@upenn.edu,Male
835,Juli,Snasel,jsnaseln6@wikipedia.org,Female
836,Yale,Readhead,yreadheadn7@about.com,Male
837,Joella,Devil,jdeviln8@chron.com,Female
838,Lorne,Lamport,llamportn9@blogs.com,Male
839,Domingo,Simonsson,dsimonssonna@altervista.org,Genderfluid
840,Seth,Heathcote,sheathcotenb@gov.uk,Polygender
841,Dreddy,McClinton,dmcclintonnc@pbs.org,Female
842,Daisy,Vassbender,dvassbendernd@cam.ac.uk,Female
843,Francine,McFadzean,fmcfadzeanne@shinystat.com,Female
844,Bogart,Lunney,blunneynf@springer.com,Male
845,Elton,Schleswig-Holstein,eschleswigholsteinng@trellian.com,Male
846,Lyndel,Bartolomucci,lbartolomuccinh@netscape.com,Non-binary
847,Dimitri,Havock,dhavockni@google.com.au,Male
848,Ally,Kuna,akunanj@mapy.cz,Female
849,Jack,Duffield,jduffieldnk@ustream.tv,Male
850,Sam,Westphalen,swestphalennl@tiny.cc,Female
851,Waylon,Leech,wleechnm@reuters.com,Male
852,Norine,Sommerville,nsommervillenn@sciencedaily.com,Female
853,Zebedee,Rearie,zrearieno@weibo.com,Male
854,Elsbeth,Winchester,ewinchesternp@php.net,Female
855,Reagen,Lightning,rlightningnq@typepad.com,Male
856,Ogdan,Flaunders,oflaundersnr@nsw.gov.au,Male
857,Ruth,Gimert,rgimertns@howstuffworks.com,Female
858,August,Passie,apassient@angelfire.com,Male
859,Ashlie,Mucklo,amucklonu@mapy.cz,Female
860,Morgana,Vader,mvadernv@phpbb.com,Genderfluid
861,Lemuel,Tripcony,ltripconynw@infoseek.co.jp,Agender
862,Abraham,Birley,abirleynx@sina.com.cn,Male
863,Dacia,Belfield,dbelfieldny@xing.com,Female
864,Phillipp,Maasz,pmaasznz@sourceforge.net,Male
865,Henka,Haston,hhastono0@macromedia.com,Female
866,Quinlan,Lancastle,qlancastleo1@mapy.cz,Male
867,Shanan,Donizeau,sdonizeauo2@tinyurl.com,Male
868,Dido,Braffington,dbraffingtono3@over-blog.com,Female
869,Helen-elizabeth,Gilbanks,hgilbankso4@yolasite.com,Female
870,Alyce,Stanway,astanwayo5@yale.edu,Bigender
871,Wally,Petty,wpettyo6@samsung.com,Female
872,Delcina,Cartmill,dcartmillo7@weebly.com,Female
873,Phedra,Tippell,ptippello8@mayoclinic.com,Female
874,Alf,Aarons,aaaronso9@wiley.com,Male
875,Clary,McMillan,cmcmillanoa@godaddy.com,Genderfluid
876,Camellia,Arnowitz,carnowitzob@forbes.com,Genderqueer
877,Madella,Urch,murchoc@tinypic.com,Female
878,Bobette,Goodanew,bgoodanewod@sun.com,Female
879,Bernie,Pembry,bpembryoe@unc.edu,Female
880,Benedick,Pol,bpolof@accuweather.com,Genderfluid
881,Merrili,Gaskill,mgaskillog@google.ca,Female
882,Trumann,Morrow,tmorrowoh@zdnet.com,Male
883,Norbert,Ahearne,nahearneoi@weebly.com,Male
884,Curr,McPhaden,cmcphadenoj@apache.org,Male
885,Dennet,Capell,dcapellok@ustream.tv,Male
886,Gardie,Edghinn,gedghinnol@a8.net,Male
887,Aline,Pauwel,apauwelom@pen.io,Female
888,Redd,Kaesmakers,rkaesmakerson@abc.net.au,Male
889,Orsola,Astles,oastlesoo@wsj.com,Female
890,Benedikt,Wyd,bwydop@globo.com,Male
891,Sheelagh,Gebuhr,sgebuhroq@marriott.com,Female
892,Alane,Swedeland,aswedelandor@oracle.com,Female
893,Fernande,Ruffler,fruffleros@ucoz.ru,Female
894,Gaby,Guerra,gguerraot@freewebs.com,Male
895,Dinnie,Meriott,dmeriottou@amazon.com,Female
896,Matias,Arnould,marnouldov@arstechnica.com,Male
897,Claudell,Davidovitz,cdavidovitzow@amazon.co.uk,Male
898,Carlynn,Wilbud,cwilbudox@loc.gov,Female
899,Rachelle,Chezelle,rchezelleoy@oaic.gov.au,Female
900,Tanhya,Rounding,troundingoz@webeden.co.uk,Female
901,Beniamino,Sawers,bsawersp0@about.com,Male
902,Anderson,Buckbee,abuckbeep1@globo.com,Male
903,Kimberlyn,Blankley,kblankleyp2@washingtonpost.com,Female
904,Evy,Jerdein,ejerdeinp3@senate.gov,Female
905,Reagan,Macak,rmacakp4@mayoclinic.com,Male
906,Hamil,Latliff,hlatliffp5@devhub.com,Male
907,Oran,Nowakowski,onowakowskip6@narod.ru,Male
908,Anitra,Screech,ascreechp7@cloudflare.com,Female
909,Leland,Flobert,lflobertp8@tripod.com,Male
910,Selene,Thridgould,sthridgouldp9@is.gd,Female
911,Hamid,Lukacs,hlukacspa@amazon.co.jp,Male
912,Erastus,Pool,epoolpb@gravatar.com,Male
913,Lodovico,MacIntosh,lmacintoshpc@netscape.com,Male
914,Janet,Seif,jseifpd@house.gov,Female
915,Taite,Rama,tramape@newsvine.com,Male
916,Cristen,Jack,cjackpf@jalbum.net,Female
917,Linc,Fernley,lfernleypg@cisco.com,Male
918,Dorie,Gamblin,dgamblinph@boston.com,Female
919,Had,Rissen,hrissenpi@dailymail.co.uk,Male
920,Nial,Roth,nrothpj@fema.gov,Male
921,Melissa,Crush,mcrushpk@gnu.org,Female
922,Zondra,Piper,zpiperpl@1und1.de,Female
923,Tonia,Quarry,tquarrypm@weibo.com,Female
924,Bruis,Ply,bplypn@wix.com,Male
925,Forest,Eltun,feltunpo@sogou.com,Male
926,Rriocard,Benjamin,rbenjaminpp@bluehost.com,Bigender
927,Hakeem,Miquelet,hmiqueletpq@unicef.org,Male
928,Caryn,Wiggall,cwiggallpr@newsvine.com,Female
929,Stacee,Lukins,slukinsps@joomla.org,Male
930,Butch,Bromley,bbromleypt@harvard.edu,Male
931,Bondon,Thal,bthalpu@xing.com,Male
932,Gottfried,Dunbobin,gdunbobinpv@si.edu,Male
933,Nannie,Allsebrook,nallsebrookpw@cornell.edu,Female
934,Meyer,Jeaffreson,mjeaffresonpx@desdev.cn,Male
935,Betsy,Fish,bfishpy@elpais.com,Female
936,Matt,Pippard,mpippardpz@gmpg.org,Male
937,Jeanelle,Clayden,jclaydenq0@census.gov,Female
938,Jeanna,Alliband,jallibandq1@tamu.edu,Female
939,Lanie,Savary,lsavaryq2@archive.org,Male
940,Devora,Di Dello,ddidelloq3@blogspot.com,Female
941,Adria,Sweating,asweatingq4@qq.com,Female
942,Max,Smitten,msmittenq5@rakuten.co.jp,Female
943,Helyn,Bullene,hbulleneq6@huffingtonpost.com,Female
944,Northrop,Theurer,ntheurerq7@rakuten.co.jp,Male
945,Garth,Moggie,gmoggieq8@webeden.co.uk,Male
946,Jamil,Pinsent,jpinsentq9@qq.com,Male
947,Valeria,Mimmack,vmimmackqa@studiopress.com,Female
948,Simone,Thames,sthamesqb@bloglines.com,Male
949,Lamar,Gomez,lgomezqc@cdbaby.com,Genderfluid
950,Rebecca,Anten,rantenqd@bing.com,Female
951,Tracie,Labbet,tlabbetqe@ifeng.com,Female
952,Anabelle,Duncanson,aduncansonqf@dion.ne.jp,Female
953,Willis,Mitrikhin,wmitrikhinqg@sakura.ne.jp,Genderqueer
954,Hoebart,MacGorman,hmacgormanqh@nps.gov,Male
955,Deena,Tythe,dtytheqi@yellowpages.com,Female
956,Arabel,Sartain,asartainqj@nasa.gov,Female
957,Francyne,Prigmore,fprigmoreqk@4shared.com,Female
958,Erv,Newitt,enewittql@google.de,Genderqueer
959,D'arcy,Matschoss,dmatschossqm@webnode.com,Male
960,Kelsey,Grzegorczyk,kgrzegorczykqn@barnesandnoble.com,Female
961,Hanson,Larking,hlarkingqo@ihg.com,Male
962,Archie,Taber,ataberqp@vkontakte.ru,Male
963,Joey,Loffill,jloffillqq@usnews.com,Male
964,Kirstin,Silber,ksilberqr@prlog.org,Female
965,Lock,Chieze,lchiezeqs@last.fm,Male
966,Sheff,Dunderdale,sdunderdaleqt@odnoklassniki.ru,Male
967,Etti,Banck,ebanckqu@msn.com,Female
968,Emanuele,Backen,ebackenqv@spotify.com,Male
969,Clarine,Shenfisch,cshenfischqw@jimdo.com,Female
970,Ronald,Bagger,rbaggerqx@eepurl.com,Male
971,Immanuel,Ivasechko,iivasechkoqy@va.gov,Male
972,Zolly,Lempenny,zlempennyqz@pinterest.com,Polygender
973,Rees,Edmenson,redmensonr0@msu.edu,Genderfluid
974,Robby,Waslin,rwaslinr1@dropbox.com,Male
975,Merrill,Cleugher,mcleugherr2@tamu.edu,Female
976,Kaitlin,La Croce,klacrocer3@acquirethisname.com,Female
977,Tallulah,Vakhonin,tvakhoninr4@shop-pro.jp,Female
978,Marthena,Scade,mscader5@photobucket.com,Female
979,Jourdan,Figures,jfiguresr6@goo.ne.jp,Female
980,Miof mela,Naismith,mnaismithr7@exblog.jp,Female
981,Adrien,Gullan,agullanr8@list-manage.com,Male
982,Kate,Woolf,kwoolfr9@marketwatch.com,Female
983,Tedman,Noyes,tnoyesra@ucsd.edu,Male
984,Kliment,Venus,kvenusrb@vimeo.com,Genderqueer
985,Fabien,Wetheril,fwetherilrc@fda.gov,Male
986,Filberte,Jarmain,fjarmainrd@clickbank.net,Male
987,Queenie,Ramage,qramagere@360.cn,Female
988,Gun,Poyner,gpoynerrf@1und1.de,Male
989,Tawnya,Muggach,tmuggachrg@newyorker.com,Female
990,Fleming,Aleksidze,faleksidzerh@livejournal.com,Male
991,Danna,Tolchar,dtolcharri@mtv.com,Genderqueer
992,Freeman,Pohlak,fpohlakrj@soup.io,Male
993,Pietro,Rigglesford,prigglesfordrk@lycos.com,Male
994,Caz,Archbold,carchboldrl@stanford.edu,Male
995,Ebenezer,Blankett,eblankettrm@lulu.com,Male
996,Donny,Benitez,dbenitezrn@spiegel.de,Female
997,Cly,Aireton,cairetonro@barnesandnoble.com,Male
998,Licha,Kerrigan,lkerriganrp@guardian.co.uk,Female
999,Stillman,Laurenz,slaurenzrq@fc2.com,Male
1000,Trevor,Gallaway,tgallawayrr@theatlantic.com,Male
